Built,n,prop
3.1.2,1,0.006711409395973154
3.3.2,10,0.06711409395973154
3.3.3,138,0.9261744966442953
